ParcelId,Address,City,State,ZIP,County,MSA,Submarket,YearBuilt,YearRenovated,AssetClass,Stories,ConstructionType,PropertyType,UnitCount,AvgUnitSqft,NetRentableSqft,ParkingType,ParkingRatio,LotSizeAcres,ManagementCompany,Notes,DataConfidence,SourceFiles
100 Inverness,100 Inverness RR 06.26.2019 modified,Atlanta,GA,,,"Atlanta-Sandy Springs-Roswell, GA",,,,,,,,2019,,,Garage,,,Fe,,medium,100 Inverness RR 06.26.2019 modified.xls; 100 Inverness RR 06.26.2019.xls; 100 Inverness T12 05.2019.xls; MAG Bama.pdf
1420 Magnolia,1420 Magnolia - Charlotte - Teaser ,Atlanta,GA,,,"Atlanta-Sandy Springs-Roswell, GA",,,,,,Mixed,,,,,Garage,,,Compa,,medium,1420 Magnolia - Charlotte - Teaser .xlsx; 1420 Magnolia - Rent Roll (2018.02.02) techno.xls; 1420 Magnolia - Rent Roll (2018.02.02).xlsx; 1420 Magnolia - Rent Roll (2018.02.22) latest.xls; 1420 Magnolia - Rent Roll (2018.02.22).xlsx
33 West,33 West 01a - Offering Memorandum,Atlanta,GA,FL,,"Atlanta-Sandy Springs-Roswell, GA",,,,,,,,,,,GARAGE,,,,,medium,33 West 01a - Offering Memorandum.pdf; 33 WEST 02a - Rent Roll 4-19-22.xls; 33 WEST 02b - Rent Roll 5-5-22.xls; 33 WEST 02c - Rent Roll 5-18-22 Techno.xls; 33 WEST 02c - Rent Roll 5-18-22.xls
45 Eighty Dunwoody,45 eighty,Dunwoody,GA,,,"Atlanta-Sandy Springs-Roswell, GA",,,,,,,,,,,Garage,,,Fe,,medium,12_Month_Statement_4580_Cash.xlsx; Copy of 12_Month_Statement_4580 - modified .xls; Historical_20190701115718 - 45 eighty.xls; Rent Roll (3) - 45 eighty .xls; Rent Roll (3).xlsx
464 Bishop - ATL,,,,,,,,,,,,,,,,,,,,,,none,
72 West,72 West T12 - 5.31.2019,Atlanta,GA,,,"Atlanta-Sandy Springs-Roswell, GA",,,,,,CONCRETE,,,,,,,,FE,,medium,72 West T12 - 5.31.2019.xlsx; Copy of 72 West T12 - 5.31.2019.xls; Historical_20190627135129 - 72 West .xls; STW capitals from 2016 - present.xlsx; STW UNIT UPGRADES - modified .xls
7900 Park Central,7900 at Park Central - Debt Summary,Atlanta,GA,,,"Atlanta-Sandy Springs-Roswell, GA",,,,,,,,2020,,,Garage,,,For,,medium,12_Month_Statement_4032_Cash - techno.xls; 12_Month_Statement_4032_Cash.xlsx; 7900 - Rent Roll 3.9.2020 - techno.xls; 7900 - Rent Roll 3.9.2020.xlsx; 7900 at Park Central - Debt Summary.xlsx
841 Memorial,,,,,,,,,,,,,,,,,,,,,,none,
860 South,860 South ,Marietta,GA,,,"Atlanta-Sandy Springs-Roswell, GA",,,,,,,,290,,,GARAGE,,,EXPENS,,medium,860South_OS_T12_06.2019.xlsx; 860South_OS_T12_07.2019 - techno.xls; 860South_OS_T12_07.2019.xlsx; 860South_OS_YE_2017.xlsx; 860South_OS_YE_2018.xlsx
900 Dwell,900 Dwell,Atlanta,GA,,,"Atlanta-Sandy Springs-Roswell, GA",,,,,,,,,,,GARAGE,,,EXPENS,,medium,900Dwell_OS_T12_06.2019.xlsx; 900Dwell_OS_T12_07.2019 - techno.xls; 900Dwell_OS_T12_07.2019.xlsx; 900Dwell_OS_YE_2017.xlsx; 900Dwell_OS_YE_2018.xlsx
Accent 2050,,Atlanta,GA,,,"Atlanta-Sandy Springs-Roswell, GA",,,,,,Concrete,,,,,,,,,,medium,Accent 2050 - Boxscore (2020.03.20).pdf; Accent 2050 - CushWake Executive Summary (2020.04.06).pdf; Accent 2050 - Existing Debt Information.pdf; Accent 2050 - Final Tax Bill (2019).pdf; Accent 2050 - Rent Roll w Detail (2020.04.16).xls
Addison on Long Beach,21 to 6-9-21,Long Beach,CA,,,"Los Angeles-Long Beach-Anaheim, CA",,2022,,,,,,,,,GARAGE,,,Compa,,medium,ALB -  Rentable Items 5-31-21.pdf; ALB - Lease Tradeout Report 4-1-21 to 6-9-21.xlsx; ALB - MAY 2021 T-12.xlsx; ALB - Rent Roll Detail 5-31-21.xls; JBM - The Addison on Long Bayou OM.pdf
Advenir at Prestonwood,05 T12 - Techno,,,,,,,,,,,,,2019,,,,,,Fe,,low,Advenir_OM_Final.pdf; Historical_20190716154124 - restonwood .xls; PST IS - 2019.05 T12 - Techno.xls; PST IS - 2019.05 T12.xlsx; PST RE TAXES 2018.pdf
Alexan Avondale,,,,,,,,,,,,,,,,,,,,,,none,Alexan Avondale  Other Income - techno.xls; Alexan Avondale.xlsx
Alpharetta City Center,,,,,,,,,,,,,,,,,,,,,,none,
Alta Dairies,2020 Garage Operating Budget,Atlanta,GA,,,"Atlanta-Sandy Springs-Roswell, GA",,2019,,,,SLaB,,77,,,Garage,,,,,medium,12_Month_Statement_61270_Accrual (3).xlsx; 12_Month_Statement_61270_Accrual (4).xlsx; 18-ALD-0215_SiteMap_r6_PR.pdf; Alta Dairies_2020 Garage Operating Budget.pdf; Alta Dairies_2020 Garage Operating Budget.xlsx
Alta East,777 Memorial Dr SE,Atlanta,GA,,,,,,,,,,,,,,,,,,,low,Alta East Other Income.xlsx; AltaEast_OM.pdf; OS_T12_05.2021_AltaEast.xlsx; Tax Abatement Math .xlsx
Alta Lakehouse,7600 Majorca Place,Orlando,FL,,,,,,,,,,,,,,,,,,,low,Lake House by Alta OM (Pages Version).pdf
Alta Tech Ridge,12408 Dessau Road,Austin,TX,,,,,,,,,,,2019,,,,,,,,medium,Alta Tech Ridge - 12_Month_Statement_21020_Accrual - 2019.07.xlsx; Alta Tech Ridge - 2019 - Travis CAD - Property Details.pdf; Alta Tech Ridge - 60 Day Trend - 8.5.19.pdf; Alta Tech Ridge - ConcessionBurnOff - 07-25-2019.xlsx; Alta Tech Ridge - Conservice_PreBill - August2019.xls
Alta Warehouse,,,,,,,,,,,,,,,,,,,,,,none,
Alta at Health Village,,Orlando,FL,,,,,,,,,,,,,,,,,,,low,Alta at Health Village (Orlando FL) Expense Comp 7-25-22.pdf
Altis & Altra,,Atlanta,GA,,,"Atlanta-Sandy Springs-Roswell, GA",,,,,,,,,,,,,,,,medium,
Amberwood,,,,,,,,,,,,,,,,,,,,,,none,Copy of Legacy Crossroads Reno Calc.xlsx
Andorra Apartments,4000 Coleway Drive,Holly Springs,NC,,,,,,,,,,,,,,Garage,,,Fe,,low,42 CAS ANA July 2020 Rent Roll.xlsx; 42 CAS ANA July 2020 T12 - techno.xls; 42 CAS ANA July 2020 T12.xlsx; Andorra Property Info.pdf; Copy of 42 CAS ANA July 2020 T12 - techno.xls
Ansley at Princeton Lakes,3871 Redwine Road,Atlanta,GA,,,,,,,,,Concrete,,2020,,,Garage,,,chang,,medium,Ansley at Princeton Lakes - Offering Memorandum.pdf; Ansley at Princeton Lakes - Rent Roll (One Line) (2020.06.11) - techno.xls; Ansley at Princeton Lakes - Rent Roll (One Line) (2020.06.11).xlsx; Ansley at Princeton Lakes - Rent Roll w Lease Charges (2020.06.11).xlsx; Ansley at Princeton Lakes - Rentable Items (2020.06.11).xlsx
Arden at Midtown,,,,,,,,,,,,,,,,,,,,,,none,Leasing Schedule.pdf; Proforma.pdf; Rent+Roll+Detail+-+Excel.xls; WebCurrent_19936749571709915040488.pdf
Ardmore at Flowers,380 Topwater Dr,Clayton,NC,,,,,,,,,,,,,,surface,,,,,low,Ardmore at Flowers - AR Report (2024.09).xlsx; Ardmore at Flowers - Concession Burn Off (2024.10.24).xlsx; Ardmore at Flowers - OM Underwriting.pdf; Ardmore at Flowers - Rent Roll (2024.11.04).xlsx; Ardmore at Flowers - Rent Roll (2024.11.18).xlsx
Artistry,21 Solis LoSo Package,Charlotte,NC,,,,,,,,,,,,,,,,,Fee Insuran,,low,Artistry at LoSo_20211019070452.zip; Artistry Tax Math .xls; The Artistry at Loso.xlsx; TP - 2021-05-21 Solis LoSo Package.pdf
Ascen Varina Gateway,,,,,,,,,,,,,,,,,,,,Fee Insuran,,none,Acend Varina  Tax Math .xls; Ascend Other Income.xlsx; Copy of chatham_secured_overnight_financing_rate_sofr_07jun2024.xlsx; Copy of Variable Interest Rate Conversion Myers.xls
Ashley River,,Charleston,SC,,,"Charleston-North Charleston, SC",,,,,,Concrete,,2018,,,,,,Fe,,medium,Ashley River OM.pdf; Ashley_River_Rent_Roll_04_02_2018.xls; Ashley_River_Rent_Roll_04_02_2018.xlsx; Ashley_River_T9_03-2018 - modified .xls; Ashley_River_T9_03-2018.xlsx
Austin Deals,100 Marshall Circle,Round Rock,TX,,,,,,,,,,,,,,,,,,,low,Marketing Brochure_Flyer - 100 Marshall Cir.pdf
Avril Cambridge,2022 Tax Bill,Atlanta,GA,ZJ,,"Atlanta-Sandy Springs-Roswell, GA",,2023,,,,,,,,,,,,,,medium,Avril Cambridge Village OM FINAL.pdf
Axiom,,Charlotte,NC,,,"Charlotte-Concord-Gastonia, NC-SC",,2014,,,0190,,,2019,,,Garage,,,Fee,,high,12_Month_Statement_cameron (20).xlsx; Axiom - Rent Roll (2019.05.31).xls; Axiom - Rent Roll (2019.05.31).xlsx; Axiom - Rent Roll - 080819 - techno.xls; Axiom - Rent Roll - 080819.xlsx
Axis Berewick,,Charlotte,NC,,,"Charlotte-Concord-Gastonia, NC-SC",,,,,,,,,,,,,,,,medium,AxisBerewickOM.pdf; LTO_2022.04.03_Axis Berewick.xlsx; LTO_2022.05.19_Axis Berewick.xlsx; Rent Roll with Lease Charges_2022.04.03_Axis Berewick.xlsx; Rent Roll with Lease Charges_2022.05.20_Axis Berewick.xlsx
Azola Palm Beach,,West Palm Beach,FL,,,"Miami-Fort Lauderdale-West Palm Beach, FL",,,,,,,,,,,,,,,,medium,Azola West Palm Beach - OM.pdf; Azola WPB Expense Comp 9-15-20.pdf
Bainbridge Aviation Crossings,2020 Tax Bill,Atlanta,GA,,,"Atlanta-Sandy Springs-Roswell, GA",,,,,,,,,,,,,,Fee Insuran,,medium,Aviation Tax Math .xls; Aviation vs Trailside.xls; Bainbridge Aviation Crossing - Leases to Date Summary 3.12.21.xlsx; Bainbridge Aviation Crossing 2 wk Traffic 3.26.21.pdf; Bainbridge Aviation Crossing 2020 Tax Bill.pdf
Bainbridge Matthews,2020 Tax Bill,Matthews,NC,,,"Charlotte-Concord-Gastonia, NC-SC",,,,,,,,,,,,,,,,medium,Bainbridge Matthews  Other Income.xlsx; Bainbridge Matthews - Leases to Date Summary 3.15.21.xlsx; Bainbridge Matthews 2020 Tax Bill.pdf; Bainbridge Matthews Concession Report 3.12.21.pdf; Bainbridge Matthews Concession Report 3.12.21.xlsx
Bainbridge Research Park,,Atlanta,GA,,,"Atlanta-Sandy Springs-Roswell, GA",,,,,,SLaB,,,,,,,,,,medium,BainbridgeResearchPark_OM.pdf; Rent Roll Detail_2021.07.14_Bainbridge Research Park.xls; Rent Roll_2021.07.14_Bainbridge Research Park.xls; T12_2021.05_Bainbridge Research Park.xlsx
Bainbridge Sunlake,2020 Taxes,Atlanta,GA,,,"Atlanta-Sandy Springs-Roswell, GA",,,,,,,,,,,,,,,,medium,2020 Taxes.pdf; Bainbridge  Other Income.xlsx; Bainbridge Sunlake Package 6.30.21.pdf; Bainbridge Sunlake Payroll .xls; Bainbridge Sunlake Rent Roll 6.30.21.xlsx
Barcelona Apartments,21 Barcelona RR,Atlanta,GA,,,"Atlanta-Sandy Springs-Roswell, GA",,,,A,,Mixed,,,,,Mixed,,,Budge,,medium,3612_001.pdf; __04.21 Barcelona RR.xls; __04.21 Barcelona RR.xlsx; __05.21 Barcelona FS.xlsx; __05.21 Barcelona RR - techno.xls
Beckett Farms,,,,,,,,,,,,,,,,,,,,,,none,
Bell Bishop arts,12 OpSt - 08.19 - techno ,Dallas,TX,,,"Dallas-Fort Worth-Arlington, TX",,2022,,,,Concrete,,2019,,,garage,,,Fe,,medium,Bell Bishop Arts - Flyer.pdf; Bell Bishop Arts - Rent Roll 09.13.19.xls; Bell Bishop Arts - Rent Roll 09.13.19.xlsx; Bell Bishop Arts - T12 OpSt - 08.19 - techno .xls; Bell Bishop Arts - T12 OpSt - 08.19.xlsx
Bell LightHouse Point,,,,,,,,,,,,,,,,,,,,,,none,
Bell Parkland,,Dallas,TX,,,"Dallas-Fort Worth-Arlington, TX",,2007,,,,,,,,,,,,,,medium,"Bell Parkland, 6.30.2022.zip"
Bellevue Spring Creek,,Dallas,TX,,,"Dallas-Fort Worth-Arlington, TX",,2006,,,,,,,,,Covered,,,Expen,,medium,Bellevue Spring Creek T12-July 2019 - techno.xls; Bellevue Spring Creek T12-July 2019.xlsx; Historical_20190911135528 - Spring Creek .xls; Spring_RR_8.29.19.xls
Biscayne 112,2021 Income Limits and Rent Limits,Miami,FL,,,"Miami-Fort Lauderdale-West Palm Beach, FL",,2015,,,,,,,,,,,,,,medium,2021 Income Limits and Rent Limits.png; Biscayne 112 - 3-Pager.pdf; Biscayne 112 - January 2022 T12.xlsx; Biscayne 112 - Rent Roll_3.18.22 - techno.xls; Biscayne 112 - Rent Roll_3.18.22.xls
Bridgeview Apartments,,Atlanta,GA,,,"Atlanta-Sandy Springs-Roswell, GA",,,,,,,,,,,,,,,,medium,Bridgeview-OM (spreads).pdf
Broadstone Highland Creek,,Charlotte,NC,,,"Charlotte-Concord-Gastonia, NC-SC",,2018,,,,,,,,,GARAGE,,,Fee Insuran,,medium,BHC Demographic+Statistics 5.09.22.xls; BHC Rent+Roll+Detail 5.09.22 TS.xls; BHC Rent+Roll+Detail 5.09.22.xls; Broadstone Highland Creek Other income.xlsx; ProsperityHucksAreaPlan.pdf
Broadstone Junction,,Charlotte,NC,,,"Charlotte-Concord-Gastonia, NC-SC",,,,,,Concrete,,290,,,,,,,,medium,20210301103318_IncomeAPINVExport - Broadstone Junction .xls; BJ - Rent Roll (2021.03.09).xlsx; Broadstone Junction & Sugar Hill - Executive Summary (2021.02.16).pdf; Broadstone Junction - Rent Roll (2021.02.22) - Techno.xls; Broadstone Junction - Rent Roll (2021.02.22).xlsx
Broadstone Lemmond Farm,,Charlotte,NC,,,"Charlotte-Concord-Gastonia, NC-SC",,2022,,,,,,,,,,,,Fee Insuran,,medium,Broadstone Lemmond Farm.xlsx; Broadstone Lemmond Farm_Underwriting Memo.pdf; Broadstone Tax Math .xls; RentRoll10_23_2020.xlsx; RentRollwithLeaseCharges03_15_2021.xlsx
Broadstone Station,,Charlotte,NC,,,"Charlotte-Concord-Gastonia, NC-SC",,,,,,,,,,,GARAGE,,,,,medium,20240212123401_IncomeAPINVExport.xls; Copy of Village at Broadstone Station - Buyer Interview Template 02.2024.xlsx; Property Record Card (Current Assessed Value)_2024_Village at Broadstone Station.pdf; Rent Roll_2024.01.16_Village at Broadstone Station - TS.xls; Rent Roll_2024.01.16_Village at Broadstone Station.xls
Broadstone Sugar Hill,,Sugar Hill,GA,,,"Atlanta-Sandy Springs-Roswell, GA",,2004,,,,,,2021,,,,,,,,medium,Broadstone Junction Other Income .xlsx; Broadstone Sugar Hill - Lease Agreement (Cantina Loca) (Executed).pdf; Broadstone Sugar Hill - Lease Agreement (City of Sugar Hill) (Executed).pdf; Broadstone Sugar Hill - Rent Roll (2021.02.22) - techno.xls; Broadstone Sugar Hill - Rent Roll (2021.02.22).xlsx
Broadstone Trailside,,Charlotte,NC,,,"Charlotte-Concord-Gastonia, NC-SC",,2015,,,,,,,,,Garage,,,,,medium,(TEST)_Alliance_-_Box_Score_Report_v1 (4) (1).pdf; 12_Month_Statement_020940_Accrual.xlsx; Alliance Residential Company PT NC Broadstone Trailside Tax Projection 2.._.pdf; Alliance_-_Demographic_Summary (4).pdf; Alliance_-_MOR_-_Rent_Change_Analysis_(Mod) (2) (1).pdf
Build to Rent,2022 Renewal,,,,,,,,,,,,,,,,,,,,,none,2022 Renewal.pdf; Berkadia - Odyssey by Soltura - Flyer.pdf; Loan Document.pdf
Cadence Music Factory,18 Modified,Atlanta,GA,,,"Atlanta-Sandy Springs-Roswell, GA",,,,,,,,,,,Garage,,,Fee Subtot,,medium,12mo IS[1].xlsx; Cadence Comps .pdf; Cadence Music Factory Overview.pdf; Cadence Projections .xls; Copy of Cadence Music Factory Tax Worksheet (003).xls
Cadence Sugar Hill,,Sugar Hill,GA,,,"Atlanta-Sandy Springs-Roswell, GA",,,,,,,,,,,,,,Fee Insuran,,medium,Cadence - DAR (2022.01.22).xlsx; Cadence - Detailed Rent Roll (2021.11.08).pdf; Cadence - Detailed Rent Roll (2022.02.01) Techno.xls; Cadence - Detailed Rent Roll (2022.02.01).xls; Cadence - Fee List (2021.08.17).xlsx
Cadence at Nocatee,2022 FINAL,Nocatee,FL,,,"Jacksonville, FL",,2020,,,,,,,,,,,,,,medium,Cadence at Nocatee Box Score 5.21.22.xlsx; Cadence at Nocatee Concessions - 5.19.22.xlsx; Cadence at Nocatee Demographics - 5.19.22.xlsx; Cadence at Nocatee Pending Move-Ins (Detailed) 5.23.22.xlsx; Cadence at Nocatee Pending Move-Ins (Single-Line) 5.23.22.xlsx
Carrington at Brier Creek,,Raleigh,NC,,,"Raleigh-Durham-Chapel Hill, NC",,1999,,,,Mixed,,2019,,,Mixed,,,Fee Gro,,medium,Carrington Brier Creek Rents .xls; CarringtonBrierCreek OM.PDF; Historical_20190806150638 - Carrington .xls; Rent Roll_2019.06.19_Carrington at Brier Creek.xlsx; Rent Roll_2019.07.10_Carrington at Brier Creek - techno.xls
Casa Mara,,Miami,FL,,,"Miami-Fort Lauderdale-West Palm Beach, FL",,,,,,,,,,,,,,,,medium,Projected Stabilized CasaMara Updated 6.7.22.xlsx; RentRollwithLeaseCharges 06.16.2022.xlsx; Retail - RentRollwithLeaseCharges06_08_2022 (1).xlsx
CasaMara,0411 CM lease tracker (1),West Palm Beach,FL,,,"Miami-Fort Lauderdale-West Palm Beach, FL",,,,,,,,,,,,,,,,medium,0411 CM lease tracker (1).xlsx; 0411 CM lease tracker - Techno.xls; 075-1786-SP-1 (3) w.Outdoor seating Minor Mod.pdf; 2022 stabilized CasaMara.xlsx; Cameron Estates Tax Bill.pdf
Chapel Hill,12 January 2018 -t echno,Atlanta,GA,,,"Atlanta-Sandy Springs-Roswell, GA",,,,,,,,,,,Garage,,,Expen,,medium,1. Chapel Hill T12 January 2018 -t echno.xls; 1. Chapel Hill T12 January 2018.xls; Copy of CH Rent Roll - 3.1.2018 - techno.xls; Copy of CH RR 3.1.2018.xls
Charlotte Pike,10927 Charlotte Pike Proforma_Final_Expenses,Nashville,TN,,,"Nashville-Davidson-Murfreesboro-Franklin, TN",,,,,,,,,,,Garage,,,Fee Insuran,,medium,02.23.2022_SterlingNW_RentRollwithLeaseCharges.xlsx; 210927 Charlotte Pike Proforma_Final_Expenses.pdf; Charlotte Pike Other Income.xlsx; Novel West Nashville.JPG; Property_Tax_Bill (2).pdf
Charlotte Two Pack,12 Combined (2020.07),Charlotte,NC,,,"Charlotte-Concord-Gastonia, NC-SC",,,,,,,,,,,,,,,,medium,Atkins Circle - Rent Roll (2020.08.19).xlsx; Atkins Circle - T12 (2020.07).xlsx; Worthington Luxury - Rent Roll (2020.08.19).xlsx; Worthington Luxury - Retail Rent Roll (2020.08.20).xlsx; Worthington Luxury - T12 Combined (2020.07).xlsx
Citadel Lookout,,Atlanta,GA,,,"Atlanta-Sandy Springs-Roswell, GA",,2022,,,,,,,,,GARAGE,,,,,medium,Boxscore 1.24.22.pdf; Boxscore 1.30.22.pdf; Citadel at Lookout Market Survey 1.30.22.xlsx; Citadel Lookout Other Income.xlsx; Citadel Lookout Stabilized Budget.xlsx
Citizen House,2801 FM 685,Atlanta,GA,,,"Atlanta-Sandy Springs-Roswell, GA",,,,,,Mixed,,,,,Mixed,,,,,medium,CHP - Rent Roll - 3.11.24.xlsx; CHP - Rentable Items Report - 3.11.24.xlsx; CHP - Unit Amenities - 3.11.24.xlsx; Citizen House  Other income.xlsx; Citizen House Pflugerville - Flyer.pdf
Citron Allen,,Atlanta,GA,,,"Atlanta-Sandy Springs-Roswell, GA",,,,,,Concrete,,445,,,Garage,,,Fe,,medium,Citron Allen Station Rent Roll.xls; Citron Allen Station Storages.xls; Citron Allen Station T-12.xls
City North - TX,,,,,,,,,,,,,,,,,,,,,,none,
Coddle Creek,,Charlotte,NC,,,"Charlotte-Concord-Gastonia, NC-SC",,,,,,,,,,,,,,,,medium,Coddle Creek Other Income.xlsx; Coddle Creek Tax Math .xls
Colums at Wakefield,,,,,,,,,,,,,,,,,,,,,,none,
Cornerstone,2017 Tax Bill-2018.07_Cornerstone,Atlanta,GA,,,"Atlanta-Sandy Springs-Roswell, GA",,1983,,,,,,,,,,,,,,medium,2017 Tax Bill-2018.07_Cornerstone.pdf; Cornerstone - Rent Roll 06.30.2018.xlsx; Cornerstone - Rent Roll 07.24.2018.xlsx; Cornerstone - Rent Roll 07.30.2018.xlsx; Cornerstone - Rent Roll w Lease Charges 06.20.2018.xlsx
Cottages at emerald Creek,42 NEY EMC Rent Roll Detail 4.25.19,Atlanta,GA,,,"Atlanta-Sandy Springs-Roswell, GA",,,,,,,,,,,GARAGE,,,Fe,,medium,42 NEY EMC Rent Roll Detail 4.25.19.xls; 42 NEY EMC T12 March 2019.xls; Copy of 42 NEY EMC Rent Roll 5.31.19.xls; Copy of 42 NEY EMC T12 May 2019.xls; Copy of 42 NEY EMC Technosun Translated Rent Roll Please Review and Verify.xls
Courtney Lake,,,,,,,,,,,,,,,,,Garage,,,,,none,Copy of The Courtney at Lke Shadow V2.xls; Rent Roll.xls
Creekside Ranch,11209 Ranch Creek Ter,Bradenton,FL,,,,,,,,,,,2019,,,Garage,,,FE,,medium,Creekside Ranch - Rent Roll 07.29.2019 - techno.xls; Creekside Ranch - Rent Roll 07.29.2019.xlsx; Creekside Ranch - T12 07.29.19 - techno.xls; Creekside Ranch - T12 07.29.19.xlsx; Creekside Ranch Costar.pdf
Crescent,127 East Riverside Drive,Austin,TX,,,,,,,,,Mixed,,,,,Mixed,,,,,low,Crescent OM 2018.pdf
Crest at Flower Branch,900 Crest Village Circle,Flowery Branch,GA,,,,,,,,,,,,,,,,,,,low,12_Month_Statement_mgcfb_accrual.xlsx; AccountDetail06_02_2021 (1).xlsx; AccountDetail06_02_2021 (2).xlsx; AccountDetail06_02_2021 (3).xlsx; AccountDetail06_02_2021.xlsx
Crestmont at Thornblade,,,,,,,,,,,,,,,,,,,,,,none,
Crown at James Landing,,,,,,,,,,,,,,,,,Garage,,,Fee Insuran,,none,20191114113849_APINVExport - Crown at James Landing Premiums .xls; Historical_20191114115458 - Crown at james P&L.xls
Curv,410 SE 16th Court,Fort Lauderdale,FL,,,,,,,,,,,,,,,,,,,low,CURV - Offering Memorandum (1).pdf
Debartolo Portfolio,,,FL,CS,,,,,,,1,Slab,,,,,,,,,,low,Debartolo Portfolio OM.pdf
District South,,,,,,,,,,,,,,,,,,,,,,none,
District Station,2312 Bristol Creek Drive,Morrisville,NC,,,,,,,,,,,,,,,,,,,low,Copy of Rent Roll_2019.04.08_District Station.xls; District Station Market Intel.pdf; DistrictStation_OM (1).pdf; Rent Roll_2019.02.19_District Station.xls; T12_2018_District Station.xlsx
East Point at Altamonte,828/850 Orienta Avenue,Altamonte Springs,FL,,,,,,,,,,Garden,,,,,,,,,medium,East Pointe at Altamonte (Orlando MSA) OM - 2019 (FINAL).pdf; East Pointe at Altamonte RR 5-31-19.xlsx; East Pointe at Altamonte T12 Apr-2019.xlsx; Rent Roll East Pointe 6.19.xlsx
Easton Portfolio,,,,,,,,,,,,,,,,,,,,,,none,COCOct2018 T12 .xlsx; COCRent Roll-11-13-18.xlsx
Echo  Lakeside,510 Guthridge Ct NW,Peachtree Corners,GA,,,,,,,,,,,,,,,,,,,low,ECHO_Lakeside_OM.pdf; ECONOMICDEVELOPMENTPLANFIN - Peachtree Corners.pdf
Eden Crystal Lake,,,,FL,,,,,,,,,,,,,,,,,,none,"20220105121148_APDEVExport.xls; Copy of 20220105121148_APDEVExport.xls; Copy of Eden Crystal Lake (Port Orange, FL) Expense Comp 1-12-22.pdf; Crystal Lake Rent Roll Techno .xls; Eden Crystal Lake (Port Orange, FL) Market Survey 1-12-22.xlsx"
Edinborough Commons,,,,,,,,,,,,Concrete,,,,,Garage,,,Fe,,none,Edinborough Commons RR 02.26.18.xls; Edinborough Commons RR 1.31.18.xls; Edinborough Commons_TTM January 2018 - techno 2.xls; Edinborough Commons_TTM January 2018 - techno.xls; Edinborough Commons_TTM November 2017.xlsx
Elan Powers Ferry,1945 Powers Ferry Rd SE,Atlanta,GA,,,,,,,,042621,,,,,,,,,,,medium,Elan Powers Ferry - Detailed Site Plan (2022.02.08).pdf; Elan Powers Ferry - Last 30 Applications (2022.02.18).xlsx; Elan Powers Ferry - Rent Roll (2022.02.18)_One Line.xlsx; Elan Powers Ferry - Rentable Items Availability (2022.02.08).xlsx; Elan Powers Ferry - T4 Income Statement (2022.01).xlsx
Element Galleria,800 Galleria Parkway,Atlanta,GA,,,,,,,,,,,,,,,,,,,low,ElementGalleria_OM.pdf
Elevate Powell and Broad,141 Stobhill Ln,Fuquay-Varina,NC,,,,,,,,,Mixed,,,,,Mixed,,,Fee Insuran,,low,Capstone_Offering_Memorandum_Elevate_Powell__Broad.pdf; Elevate Powell & Broad  Other Income.xlsx; Elevate Powell & Broad Tax Math .xls; Elevate_Powell__Broad_Rent_Roll_1.24.2022.xlsx; Elevate_Powell__Broad_T12_12.31.2021.xlsx
Emblem Greyson,"ATHENS HWY, LOGANVILLE 30052",Loganville,GA,,,,,,,,,,,,,,,,,,,low,20220617141835_IncomeAPINVExport.xls; Assessment_Notice_2022_R5126_142.pdf; Other income Emblem Greyson.xlsx
Enclave at Rivergate,,,,,,,,,,,,,,,,,Garage,,,Fe,,none,T12 - Techno.xls; T12.xls
Enclave on East,3660 E. Bay Drive,Largo,FL,,,,,,,,,,,,,,,,,,,low,2018 RE Tax Bill - Enclave on East (Pinellas County).pdf; CBRE Enclave on East Apartments (Tampa Bay MSA) OM 2019 FINAL-email.pdf; CBRE Enclave on East Apartments (Tampa Bay MSA) OM 2019 FINAL.pdf; Enclave on East 12-Month thru 05-2019.xlsx; RR 5 30 19.xlsx
Encore,,,,,,,,,,,,,,,,,,,,,,none,Concessions+2020+09+22.xlsx; Encore - RR & Delinquent - 7.27.20.xlsx; Encore - T12 - June 2020.xlsx; Rent+Roll+Detail+2020+09+22.xls; T12_Encore_2020_08.xlsx
Estates at Crossroads,,,,,,,,,,,,,,,,,,,,,,none,
Eve at the District,,,,,,,,,,,,,,,,,,,,,,none,
Exchange Orange Park,4295 Collins Road,Jacksonville,FL,,,,,,,,,,,,,,GARAGE,,,GRO,,low,Copy of EOP_Rent+Roll+Detail_11.20.23 - modify.xlsx; Copy of EOP_Rent+Roll+Detail_11.20.23.xlsx; Copy of EOP_Rent+Roll+Detail_8.29.23.xlsx; EOP_Rent+Roll+Detail_1.10.23.xls; EOP_Rent+Roll+Detail_1.10.23.xlsx
Exchange at Indian Trail,,,,,,,,,,,,,,,,,Garage,,,Fee Insuran,,none,Exchange Indian Trail.xls; Hathaway Projects 022422v2 (003).pdf; Rent comps.xls
Factory at Garco,2017 Property Taxes_Factory,,,,,,,,,,,,,,,,Garage,,,Fe,,none,2017 Property Taxes_Factory.pdf; Rent Roll_06.18.18_Factory - techno.xls; Rent Roll_06.18.18_Factory - translated.xls; Rent Roll_06.18.18_Factory.xlsx; T12_2018.05_Factory - techno.xls
Ferry Pike,,,,,,,,,,,,,,,,,,,,,,none,
Ferry Pike - Nashville,2841 Lebanon Pike,Nashville,TN,,,,,,,,,,,,,,,,,,,low,02. Rent Roll.xlsx; 2025_02_03_The_Percy_Market.pdf; 600 Stewarts Ferry Pike 2022-Myers Apartment Group.zip; 600 Stewarts Ferry Pre-Stab BOV_Feb 2023 Closing.pdf; Availability.pdf
FieldHouse,21 DemographicSummary,,,GA,,,,,,,,,Garden,,,,,,,,,low,"11.29.21 DemographicSummary.pdf; 11.4.21 FHA_RentableItemsDirectory.pdf; 11.4.21 FHA_UnitAmenities.pdf; 11.4.21 FHA_Xfinity_Fieldhouse Tech Flyer FINAL.pdf; Brand Partners, LP - Groundlease with GCVB 2009-04-29 (exhibit D).pdf"
Florida Crystals Deal,,,,,,,,,,,,,,,,,,,,,,none,
Folksong at Flowery Branch,,,,,,,,,,,,,,,,,,,,,,none,Folksong at Flowery Branch - Rent Roll.xls; Folksong Other income v2.xlsx; Folksong Other Income.xlsx
Franklin Jones,,Atlanta,GA,,,"Atlanta-Sandy Springs-Roswell, GA",,,,,,,,,,,,,,,,medium,Commerical Rent Roll_2023.04.19_Vingate Jones Franklin.xlsx; Rent Roll_2023.04.19_Vintage Jones Franklin.xlsx; Rent Roll_2023.05.08_Vintage Jones Franklin.xlsx; Rent Roll_2023.05.15_Vintage Jones Franklin.xlsx; Rentable Items_2023.04.19_Vintage Jones Franklin.xlsx
Gateway at Hartfield,,Atlanta,GA,,,"Atlanta-Sandy Springs-Roswell, GA",,,,,,,,2019,,,Garage,,,FE,,medium,Historical_20191114162345 - Gateway at Hartsfield .xls; OS_T12_10-2019_GatewayHartsfield - techno.xls; OS_T12_10-2019_GatewayHartsfield.xlsx; RR_11.11.2019_Gateway Hartsfield - techno.xls; RR_11.11.2019_Gateway Hartsfield.xlsx
Harbor at Westshore,2021 Harbour at Westshore Rentable Items Summary,Tampa,FL,,,"Tampa-St. Petersburg-Clearwater, FL",,2002,,,,,,2021,,,garage,,,,,medium,02.14.2021 Harbour at Westshore Rentable Items Summary.pdf; 02.21.2021 Box Score.pdf; 02.21.2021 Demographics Report.xlsx; 02.21.2021 Rent Roll with Lease Charges.xlsx; 02.21.21 Harbour at Westshore WUTA.xlsx
Hardy Oak,,San Antonio,TX,,,"San Antonio-New Braunfels, TX",,,,,,,,,,,,,,,,medium,Hardy Oak.xlsx
Hawthorne at Clairmont,,Atlanta,GA,,,"Atlanta-Sandy Springs-Roswell, GA",,,,,,Mixed,,,,,Mixed,,,Fee Gro,,medium,20200130132208_APINVExport - Reno Comps .xls; 20200206095801_APINVExport - 3% increase .xls; 20200206100205_APINVExport - Reno Comps Final .xls; Historical_20200131135815 - Hawthorne at Clairmont .xls
Heights at Sugarloaf,,Atlanta,GA,,,"Atlanta-Sandy Springs-Roswell, GA",,,,,,,,,,,,,,,,medium,Heights at Sugarloaf Expense Comp 9-17-20.pdf
Heron Pointe,12 March 2018- techno,Atlanta,GA,FL,,"Atlanta-Sandy Springs-Roswell, GA",,2000,,,,,,2018,,,,,,Fee Payro,,medium,2018_1Q_West Palm Beach_Performance Summary.pdf; 5yrs Forecast .xls; Florida-2 Portfolio OM - Final.pdf; Heron Pointe - T-12 March 2018- techno.xls; Heron Pointe - T-12 March 2018.xlsx
Highlands at Preston,,Dallas,TX,,,"Dallas-Fort Worth-Arlington, TX",,2001,,,6350,,,6361,,,Covered,,,Fe,,high,HOP - Combined financials techno.xls
Highlnad Ridge Apartments,,Atlanta,GA,,,"Atlanta-Sandy Springs-Roswell, GA",,,,,,,,,,,,,,,,medium,Highland Ridge Other Income Real.xlsx
Hoover Two Pack,,Hoover,AL,,,"Birmingham-Hoover, AL",,,,,,Concrete,,,,,Garage,,,Fe,,medium,Historical_20191022133149 - The Park at Deerfield .xls
Hudson Commons,,,,,,,,,,,,,,,,,,,,,,none,
Hudson Northridge,,,,,,,,,,,,,,,,,,,,,,none,
Hunter Pointe,22 Rent+Roll+Detail+-+Excel (8),Atlanta,GA,,,"Atlanta-Sandy Springs-Roswell, GA",,,,,,,,216,,,,,,Fee Capit,,medium,7.5.22 Rent+Roll+Detail+-+Excel (8).xls; Copy of 7.5.22 Rent+Roll+Detail+-+Excel (8) - TS.xls; Copy of RR - Trails at Hunter Pointe 5.24.22.xls; Copy of Trails - Rent Roll (2023.08.15) - modified .xls; Copy of Trails - Rent Roll (2023.08.15).xls
Indigo Run,,Atlanta,GA,,,"Atlanta-Sandy Springs-Roswell, GA",,,,,,,,,,,,,,,,medium,Lively Indigo Run - Box Score (2019.07.01).pdf; Lively Indigo Run - Rent Roll (2019.07.23).pdf; Lively Indigo Run - Rent Roll (2019.07.23).xlsx; Lively Indigo Run - Resident Demographics (2019.06.13).xlsx; Lively Indigo Run - T12 (2019.06).pdf
Infield Orlando,,Orlando,FL,,,"Orlando-Kissimmee-Sanford, FL",,,,,,,,,,,,,,,,medium,Infield - PL (002).pdf; Infield Other income.xlsx; Infield Plan.pdf; Infield Rent Roll.xls
Jade at Hyde Park,22 Rent Roll w Lease Charges- Jade,Tampa,FL,,,"Tampa-St. Petersburg-Clearwater, FL",,,,,,,,,,,,,,,,medium,06.30.22 Rent Roll w Lease Charges- Jade.xlsx; Jade Hyde Park Other Income.xlsx; RentRollwithLeaseCharges03_07_2022 (Updated Unit Types).xlsx
Jade hyde Park,22 Rent Roll w Lease Charges- Jade,Tampa,FL,,,"Tampa-St. Petersburg-Clearwater, FL",,,,,,,,,,,,,,,,medium,06.30.22 Rent Roll w Lease Charges- Jade.xlsx; Berkadia - Jade at North Hyde Park - Offering Memorandum.pdf; Jade at NHP RentRollwithLeaseCharges 04.04.22.xlsx
Jefferson Apartment Building,,Atlanta,GA,,,"Atlanta-Sandy Springs-Roswell, GA",,,,,,,,,,,,,,,,medium,Rent Roll Analysis .xls
Jones Grant,,Charlotte,NC,,,"Charlotte-Concord-Gastonia, NC-SC",,,,,,,,,,,,,,Fe,,medium,4 The AVR Portfolio - North Carolina.pdf; Axio Report - Raleigh (Q4-17).pdf; Axio Submarket Boundaries - Raleigh.pdf; Copy of Jones Grant Rent Roll 3.8.18 techo.xls; Jones Grant - Rent Roll (2018.01.25) - techno .xls
Junction at Antiquity,,Atlanta,GA,NC,,"Atlanta-Sandy Springs-Roswell, GA",,,,,,,,,,,,,,Fee Payro,,medium,2011SOV - Schedule of Values Mecklenburg.pdf; Cash Flows.xls; Junction at Antiquity LOI.pdf; Summary Dashboard.xls
Kennesaw Deals,,Kennesaw,GA,,,"Atlanta-Sandy Springs-Roswell, GA",,,,,,SLAB,Garden,,,,,,,,,medium,East Park Village - Rent roll.xls; East Park Village Garden- Rent roll.xls; East Park Village Midrise - Rent roll.xls; Eastpark Village - Regressions (2022.04.01).pdf; EPV - Garden Constructtion Schedule (2021.08.030.pdf
Kia Ora,19 With Analytics,Atlanta,GA,,,"Atlanta-Sandy Springs-Roswell, GA",,,,,,,,407,,,Covered,,,Materia,,medium,Historical_20190603123520.xls; Kia Ora Costar.pdf; KIA RR 4.29.19 With Analytics.xls; KIA RR 4.29.19.xls; KIA T-12 Mar 2019.xls
Knox at Metrocenter,,,,,,,,,,,,,,,,,,,,,,none,
Lake Ridge,,Atlanta,GA,,,"Atlanta-Sandy Springs-Roswell, GA",,,,,,,,9999,,,,,,FE,,medium,Copy of Lake Ridge - Rent Roll (2019.07.18) (002) - techno.xls; Copy of Lake Ridge - T12 (2019.06).xlsx (002) - techno.xls; Historical_20190731111524 - lake ridge .xls; Lake Ridge - Rent Roll (2019.07.18).xls; Lake Ridge - T12 (2019.06).xlsx.xls
Legacy Crossroads,,Atlanta,GA,,,"Atlanta-Sandy Springs-Roswell, GA",,,,,,,,,,,Garage,,,Fee Manageme,,medium,Copy of Legacy Crossroads Reno Est.xlsx; Historical Comparison .xls; Historical_20190321090512.xls; Historical_20190321101209 v2.xls; Legacy Crossroads HIstorical v3.xls
Leo Loso,21 Solis LoSo Package (005),Dallas,TX,,,"Dallas-Fort Worth-Arlington, TX",,2021,,,,,,,,,,,,,,medium,Leo LoSo Flyer.pdf; Leo LoSo OM.pdf; Leo Loso Rent Roll.xls; Leo LoSo RR 2-12-24.xlsx; Rendering Video.mp4
Linvingston,,Atlanta,GA,,,"Atlanta-Sandy Springs-Roswell, GA",,,,,,,,,,,,,,,,medium,Costar Richmond - VA-MultiFamily-Market-2021-05-18.pdf; Livingston BoxScoreSummary05_05_2021.pdf; Livingston BoxScoreSummary05_18_2021.pdf; Livingston ConcessionBurnOff05_05_2021.xlsx; Livingston Other Income.xlsx
Linz Holy Springs,,Raleigh,NC,,,"Raleigh-Durham-Chapel Hill, NC",,,,,,,,,,,Garage,,,,,medium,Linz - Renatble Items (2023.03.09).xlsx; Linz - Rent Roll (2023.03.09).xlsx; Linz - Rent Roll w Future Rents (2023.03.27).xlsx; Linz - Rent Roll_RedIQ (2023.03.27).xlsx; Linz Holly Springs - Rent Roll (2023.10.06) modified.xls
Liv Deals,,,,,,,,,,,,,,,,,,,,,,none,
Livano Canyon Falls,,San Antonio,TX,,,"San Antonio-New Braunfels, TX",,,,,,,,,,,,,,,,medium,12_Month_Statement_403_Accrual (1).xlsx; Livano Canon Falls Other income.xlsx; RentableItemsDirectory03_13_2024 (1).xlsx; RentRollwithLeaseCharges03_13_2024 (3).xlsx
Livano Pflugerville,,Pflugerville,TX,,,"Austin-Round Rock, TX",,,,,,,,,,,,,,,,medium,12_Month_Statement_420_Accrual.xlsx; Livano Pfluger Other income.xlsx; RentableItemsDirectory03_13_2024.xlsx; RentRollwithLeaseCharges03_13_2024 (2).xlsx
Lofts at Weston,2015 Operating Statement_Lofts at Weston Lakeside,Weston,FL,,,"Miami-Fort Lauderdale-West Palm Beach, FL",,,,,,concrete,,,,,Garage,,,FE,,medium,2015 Operating Statement_Lofts at Weston Lakeside.xlsx; 2016 Operating Statement_Lofts at Weston.xlsx; 2017 Operating Statement_Lofts at Weston Lakeside.xlsx; 2018 Rolling (0717-0618)_Lofts at Weston Lakeside.xlsx; 2018 Rolling (0817-0718)_Lofts at Weston - modified.xls
Lucent,,Atlanta,GA,,,"Atlanta-Sandy Springs-Roswell, GA",,2023,,,,concrete,high-rise,,,,,,,,,medium,Lucent OM.pdf
Luxary Apartments at Foxwood,,,,,,,,,,,,,,,,,,,,,,none,
MAdison Farms,,Atlanta,GA,,,"Atlanta-Sandy Springs-Roswell, GA",,2022,,,,,,,,,,,,Fee Insuran,,medium,BoxScoreSummary_2022.07.13_Madison Farms.xlsx; ConcessionBurnOff_2022.06.22_MadisonFarms.xlsx; Madison Farms OM.pdf; Madison Farms Other Income.xlsx; RentableItemsDirectory_2022.06.22_MadisonFarms.xlsx
Magnolia Vinings,,,,,,,,,,,,,,,,,,,,,,none,
Manor 6 forks,,Raleigh,NC,,,"Raleigh-Durham-Chapel Hill, NC",,,,,,,,,,,Garage,,,PAYRO,,medium,Historical_20190619130621 - Manor 6 Forks.xls; ManorSixForks_OM (1).pdf; NEW_Rent Roll_2019.06.10_Manor Six Forks.xls; NEW_T12_2019.05_Manor Six Forks.xls; NEW_T12_2019.05_Manor Six Forks.xlsx
Matthews Reserve,,Matthews,NC,NC,,"Charlotte-Concord-Gastonia, NC-SC",,,,,,,,,,,,,,Fee Payro,,medium,2018_1Q_Charlotte_Market Performance Summary.pdf; cash flow after debt service .xls; Deal summary .xls; Forecast .xls; Matthews Reserve Axio.pdf
Mercer Park,,Atlanta,GA,,,"Atlanta-Sandy Springs-Roswell, GA",,,,,,,,,,,,,,,,medium,Mercer Park Pro Forma.pdf; Mercer Park.xlsx
Mira Flores,,Atlanta,GA,GH,,"Atlanta-Sandy Springs-Roswell, GA",,,,,,,,,,,,,,,,medium,Mira_Flores_Pages.pdf; Mira_Flores_Spreads (1).pdf
Mirabella Lakes,2019 FINAL,Miami,FL,,,"Miami-Fort Lauderdale-West Palm Beach, FL",,2022,,,,,Garden,,,,Garage,,,Fe,,medium,Historical_20190702163134 - Mirabella .xls; Mirabella 6.25.19.xls; Mirabella at Waterford Lakes (Orlando FL) OM - 2019 FINAL.pdf; Mirabella T-12 5.31.19.xlsx; Mirabella T-12 6.28.19 - techno.xls
Modena,12 Month Trailing Modena - Modified ,Atlanta,GA,,,"Atlanta-Sandy Springs-Roswell, GA",,,,,6620,,,,,,COVERED,,,FE,,medium,02.18 12 Month Trailing Modena - Modified .xls; 02.18 12 Month Trailing Modena.xlsx; Modena - Rent Roll - 3.22.18.xls; Modena - Underwritng report .pdf; Modena Rent Roll 2.1.18.pdf
Morningside,12 Income Statement (2021.10),Atlanta,GA,,,"Atlanta-Sandy Springs-Roswell, GA",,,,,,,,,,,,,,,,medium,2050 - Fee Sheet (2021).pdf; 2050 - Hunsucker Appeal (2021).pdf; 2050 - Ren Roll (2021.11.15) RedIQ.xlsx; 2050 - Rent Roll (2021.11.30)_RedIQ.xlsx; 2050 - Rent Roll with Lease Charges (2021.11.30).xlsx
New folder,,,,,,,,,,,,,,,,,,,,,,none,
Novel Research Park,,Atlanta,GA,,,"Atlanta-Sandy Springs-Roswell, GA",,2022,,,,,,,,,,,,,,medium,JLL Novel Research Park Debt Memo 09-02-20.pdf; JLL Novel Research Park Debt Memo 09-15-20.pdf
Novel Upper Westside,2021 techno,Atlanta,GA,,,"Atlanta-Sandy Springs-Roswell, GA",,2023,,,,,,1411,,,,,,,,medium,All+Units.pdf; Boxscore.pdf; Concessions.pdf; Novel Other Income.xlsx; Novel Upper Westside Payroll .xls
Oasis - Dania Pointe,,Dania Beach,FL,,,"Miami-Fort Lauderdale-West Palm Beach, FL",,,,,,,,,,,,,,,,medium,Oasis - Dania Pointe Rent Roll v1.xls
Octave Apartments,,,,,,,,,,,,,,,,,,,,,,none,
PGA Development,,,,,,,,,,,,,,70,,,,,,,,low,PGA Development .xls
Paces Brook,12 Income Statement (2019.07.31) - techno,Atlanta,GA,,,"Atlanta-Sandy Springs-Roswell, GA",,1984,,,,,,2019,,,,,,FEE Manageme,,medium,Historical_20190823153146 - Paces Brook.xls; Paces Brook - Offering Memorandum.pdf; Paces Brook - Rent Roll (2019.08.22) - Techno.xls; Paces Brook - Rent Roll (2019.08.22).xlsx; Paces Brook - T12 Income Statement (2019.07.31) - techno.xls
Palmetto Place,,,,,,,,,,,,,,,,,,,,,,none,
Palmetto Pointe,,Atlanta,GA,,,"Atlanta-Sandy Springs-Roswell, GA",,,,,,,,,,,,,,,,medium,Symphony Other Income.xlsx
Parc,,,,,,,,,,,,,,,,,,,,,,none,
Parc at 1695,,,,,,,,,,,,,,,,,,,,,,none,
Parian Apartments,,Atlanta,GA,,,"Atlanta-Sandy Springs-Roswell, GA",,1989,,,,,,,,,,,,,,medium,"Parian Apts NC Tax Forecast (1.11.24).xls; Parian Apts NC Tax Forecast (1.11.24).xlsx; Parian, The - Rent Roll (2023.12.01).xlsx; Parian, The - T12 (2023.11).xlsx"
Park 2300,2300 Rent Break down ,Dallas,TX,,,"Dallas-Fort Worth-Arlington, TX",,,,,,Mixed,,,,,Mixed,,,Fee Gro,,medium,20190910131917_APINVExport - Park 2300 Rent Break down .xls
Park Ave,2018 Tax Bill,Atlanta,GA,,,"Atlanta-Sandy Springs-Roswell, GA",,2020,,,,,,,,,Garage,,,Fe,,medium,document.pdf; Park Ave - Codes .xls; Park Avenue - OM.pdf; Park Avenue - Phase I - 2018 Tax Bill.pdf; Park vs Royal.xlsx
Park Plaza,,,,,,,,,,,,,,,,,,,,,,none,
Park Vista,,,,,,,,,,,,,,,,,,,,,,none,
Park on Clairmont,,Atlanta,GA,,,"Atlanta-Sandy Springs-Roswell, GA",,,,,,,,,,,,,,,,medium,Reno preimums .xls
Parkside at Towncenter - Georgia,,,,,,,,,,,,,,,,,,,,,,none,
Parkview Greer,15 at 12.05.43 PM (2),Greer,SC,,,"Greenville-Anderson-Mauldin, SC",,,,,,mixed,,00,,,mixed,,,,,medium,(Geer SC) Expense Comp 10-26-21.pdf; Greer Rent roll - TS.xls; Parkview Rent Roll - v1 .xls; ParkViewGreer OM.pdf; WhatsApp Image 2021-10-15 at 12.05.43 PM (2).jpeg
Patterson Place,12 May 2020,Charlotte,NC,,,"Charlotte-Concord-Gastonia, NC-SC",,,,,,,,345,,,GARAGE,,,Fee Insuran,,medium,20200709135112_IncomeAPINVExport - Solis Patterson Place .xls; Durham County Value Notice_2020.04.30_Solis Patterson Place.pdf; Proforma_2020.07_Solis Patterson Place.pdf; Solis Patterson - Demographic Details 070620.pdf; Solis Patterson - Rent Roll Detail 070620.xls
Pointe Grand Apartments,,Atlanta,GA,,,"Atlanta-Sandy Springs-Roswell, GA",,,,,,Concrete,,,,,Garage,,,Fee Insuran,,medium,Dawsonville.xls; Point Grand  Apartments Other Income.xlsx; Point Grand Dawsonville  Rent Roll.xls; Pointe Grand Apartments Dawsonville Pro-Forma vBullRealty - excel.xls; Pointe Grand Apartments Dawsonville Pro-Forma vBullRealty.xlsx
Portfolio,,,,,,,,,,,,,,,,,,,,,,none,Forena Luxury Living UW v4.xlsx; Linz Holly Springs UW v3.xlsx; Linz Luxury Living UW v4.xlsx; Parian Mooresville UW v4.xlsx; Solay Carnes Crossroads UW v4.xlsx
Portiva - Jacksonville,12 Month Trend 0518,,,,,,,,,,,,,2018,,,Garage,,,Fee M,,low,2017 Trim.pdf; Aged Receivables - 6-20-18.xlsx; Comparison.xls; Deal Summary & 6yr Projections using market rents .xls; Deal Summary.xls
Preserve at Godley,,,,,,,,,,,,,,2019,,,Garage,,,Fee,,low,Copy of Preserve at Godley Station T12 2019_08_31.xls; Copy of Preserve Rent Roll 2019_10_03 - techno.xls; Copy of Preserve Rent Roll 2019_10_03.xls; Historical_20191009171122 -  Preserve at Godley.xls
Preserve at Mill Creek,1400 Mall of Georgia Boulevard,Buford,GA,,,,,,,,,,,,,,,,,,,low,Preserve_at_Mill_Creek_OM.pdf
Preserve at Mountain,,,,,,,,,,,,,,,,,,,,,,none,Keltonwood Numbers .xlsx
Preston Pointe at windermere,,,,,,,,,,,,,,,,,,,,,,none,
Princeton Pac,,,,,,,,,,,,,,,,,,,,,,none,
Pringle Square,900 PRINGLE SQUARE ALTA Preliminary 08-05-19 (1),Atlanta,GA,,,"Atlanta-Sandy Springs-Roswell, GA",,,,,,SLab,,,,,Garage,,,Fee Insuran,,medium,20220330113742_IncomeAPINVExport.xls; 21-23546CH CMT_Title.pdf; DO05.900 PRINGLE SQUARE ALTA Preliminary 08-05-19 (1).pdf; Phase I ESA Report - Grier Site - Charter.pdf; Pringle Lease Trade-Out 033022.xlsx
Promenade at Carillon,,,,,,,,,,,,,,,,,,,,,,none,
Raleigh Exchange,,Raleigh,NC,,,,,,,,,,,,,,,,,,,low,Raleigh Exchange - 2024-12.pdf; RE_Rent+Roll+Detail+-+Excel - 2025-01-30T134711.114.xlsx
Raleigh Portfolio,,,,,,,,,,,,,,,,,,,,,,none,
Ravella Town Center,2022 ConcessionMatrix,,,,,,,,,,,,,,,,,,,,,none,RV 2022 ConcessionMatrix.pdf
Regatta at Lake Lynn,3000 Inland Trail,Raleigh,NC,,,,,,,,,,,2019,,,,,,FE,,medium,Historical_20190805115618 - Regatta .xls; RegatttaLakeLynn_OM.pdf; Rent Roll_2019.06.04_Regatta at Lake Lynn - techno.xls; Rent Roll_2019.06.04_Regatta at Lake Lynn.xlsx; T12_2019.05_Regatta at Lake Lynn    - techno.xls
Reserve at Bridford,1402 Bridford Parkway,Greensboro,NC,,,,,,,,,,,2019,,,Garage,,,Fe,,medium,Confidentiality Agreement 2019_Reserve at Bridford.pdf; Historical_20191112101442 - Reserve at Bridford.xls; RentRoll - 10_29_2019 - Reserve at Bridford - Techno.xls; RentRoll - 10_29_2019 - Reserve at Bridford.xlsx; Sep19 - IS - Reserve at Bridford - Techno .xls
Reserve at Magnolia,,,,,,,,,,,,,,,,,,,,,,none,
Residences at Shilo Crossings,3000 Dominion Ridge Circle,Morrisville,NC,,,,,,,,,,,318,,,GARAGE,,,,,medium,20210224141645_IncomeAPINVExport - Shiloh.xls; 20210224142114_IncomeAPINVExport.xls; Copy of Shiloh RR_ - 2-25-2021 - techno.xls; Copy of Shiloh RR_ - 2-25-2021.xls; Other Income - Shiloh.xls
Retreat at Johns Creek,,,,,,,,,,,,,,,,,,,,,,none,
Richmond Row,23 modified,,,,,,,,,,,,,,,,GARAGE,,,,,none,Rent Roll - 5.15.23 - Modified.xls; Rent Roll - 5.15.23.xls; Richmond Row Financials - Feb 2023.xlsx; Richmond Row MMR 1.2.2023 .xlsx; Richmond Row MMR 10.3.22.xlsx
Rivera At Seaside,,,,,,,,,,,,,,2017,,,garage,,,Intrusi,,low,Riviera at Seaside - Rent Roll (2017.12.31).xls; Riviera at Seaside - T12 (2017.12).xls
Riverbend,12 Riverbend Apts 9.30.2020,Charlotte,NC,,,,,,,,,,,266,,,,,,Fee Insuran,,medium,Rent Roll (REDIQ)_2020.10.12_Riverbend Village.xls; Rent Roll (REDIQ)_2020.10.12_Riverbend Village.xlsx; Riverbend -Rent Roll.pdf; Riverbend One Line Rent Roll.xlsx; Riverbend Tax Calculation .xls
Riverbend Apartments,,,,,,,,,,,,,,,,,,,,,,none,HUD Note_Riverbend Apartments.pdf; Personnel_2020.11.17_Riverbend.pdf; Rent Roll (One Line)_2020.11.18_Riverbend.pdf; Rent Roll (One Line)_2020.11.18_Riverbend.xlsx; Rent Roll_2020.11.17_Riverbend.pdf
Rivertree,5959 Bandera Springs Place,Riverview,FL,,,,,,,,,Mixed,,2018,,,Mixed,,,FE,,medium,Copy of RFQ-Habitational - Rivertree.xlsx; Copy of Rivertree - T-12 Operating Statement (through Nov 17) techno.xls; Projections.xls; Rivertree - OM (1).pdf; Rivertree - Rent Roll_1.8.18.xls
SUR Southside,21 SUR Rent Roll with Lease Charges - techno,,,,,,,,,,,,,2021,,,Garage,,,FE,,low,01.10.21 SUR Rent Roll with Lease Charges - techno.xls; 01.10.21 SUR Rent Roll with Lease Charges.xlsx; 01.19.21 SUR Concession Burn Off.xls; 11.20 12 mo Statement_69198.xls
Santori,,,,,,,,,,,,Concrete,,330,,,Garage,,,Fe,,low,Satori Frisco Cages.xls; Satori Frisco Garages.xls; Satori Frisco Rent Roll.xls; Satori Frisco Storages.xls; Satori Frisco T-12.xls
Sentosa Riverview,10110 US Hwy 301,Riverview,FL,FL,,,,,,,,,,,,,,,,Fee Insuran,,low,Costar comps.pdf; Hillsborough-County-Real-Estate-A0765460000-2020-Annual-bill.pdf; Revised Turnover Dates (Tentative) (1).pdf; Sentosa Other Income.xlsx; Sentosa Pitch Deck.pdf
Serramar,6701 W. Oakland Park Blvd.,Fort Lauderdale,FL,FL,,,,,,,,,,,,,,,,,,low,Serramar 01 - Offering Memorandum.pdf; Serramar 02a - Rent Roll 6-4-2019.xlsx; Serramar 02b - Rent Roll 6-12-2019.xlsx; Serramar 03a - April 2019 T12 Financials.xlsx; Serramar 03b - May 2019 T12 Financials.xlsx
Seventeen West,391 17th St NW,Atlanta,GA,,,,,,,,,,,,,,Garage,,,Fee Subtot,,low,17 West Comps.pdf; Projections V1.xls; Unit comparisons.xls; Unit comparisons.xlsx
Shoreview,1161 3rd Avenue East,Bradenton,FL,,,,,,,,,,,216,,,,,,,,medium,JBM - ShoreView OM.pdf; Rent Roll Analysis - Shoreview.xls; ShoreView - All Units Rent Roll 09.13.2021.xlsx; ShoreView - August 2021 T-12.xlsx
Siena Round Rock,,,,,,,,,,,,,,,,,,,,,,none,"ABJ Article - CelLink could put 2,000-job factory in Georgetown - 12.13.2021.pdf; ABJ Article - This could be hottest spot for economic development in Austin area - 12.16.2021.pdf; Siena - Box Score - 2.4.2022.pdf; Siena - Delivery Schedule - 2.2.2022.pdf; Siena - Prelim Leasing Report with Lease Charges - 2.4.2022.xlsx"
Sixes Ridge,,,,,,,,,,,,,,,,,,,,,,none,
Sodo Duluth,3256 Buford Hwy,Duluth,GA,,,,,,,,,,,22,,,,,,,,medium,2019-08-23 SODO report.pdf; 2022 Apr 15 - SODO Valuation.pdf; RentRoll01_18_2023.xlsx; Sodo Duluth .xls
Solis Ballantyne,2018 T12 (1),,,,,,,,,,,,,,,,,,,,,none,Solis Ballantyne APRIL 2018 T12 (1).xlsx; Solis Ballantyne RentRollwithLeaseCharges 05_31_2018.xlsx
Solis Carraway,2019 Tax Bill - 3661427,Atlanta,GA,,,,,,,,,,,2020,,,,,,,,medium,BoxScoreSummary06_08_2020.xlsx; Copy of RentRoll03_05_2020 - techno.xls; Mini Market Survey 6.8.20.xlsx; RentRoll02_06_2020 -techno.xls; RentRoll02_06_2020.xlsx
Solis City Park,21 Deleted 2 Columns,Charlotte,NC,,,,,,,,,,,,,,,,,Fee Insuran,,low,City Park Rent Roll 1.4.21 Deleted 2 Columns.xls; City Park Rent Roll 1.4.21.xls; Copy of Solis City Park RET Est 1-14-21 - Matt's tax number .xlsx; Copy of Tax Math - Solis City Park  3.0.xls; Solis City Park  - Other income.xlsx
Solis Cummings,,Cumming,GA,,,,,,,,,,,,,,Garage,,,,,low,SC - Tax Bill (2021).pdf; SC - Unit Mix and Rentable Items (2021.09.29).xlsx; SC -Site Plan (2021.10.07).pdf; Solis Cummings Other Income.xlsx; Solis cummings Rent Roll.xls
Solis Decatur,2019 Taxes - Solis Decatur,,,,,,,,,,,,,2020,,,,,,,,low,2019 Taxes - Solis Decatur.pdf; BoxScoreSummary_06.15.2020.xlsx; LeaseTracker_06.15.2020.xlsx; Market Survey June 2020.xlsb; ProjectedOccupancyReport_06.15.2020.xlsx
Solis Interlock,,Atlanta,GA,,,"Atlanta-Sandy Springs-Roswell, GA",,2022,,,,,,,,,,,,,,medium,Boxscore_032921.pdf; Concessions_032921.pdf; Delinquent+and+Prepaid_032921.pdf; Leasing+Activity+Summary_032921.pdf; Projected+Occupancy_032921.pdf
Solis Millennium,,,,,,,,,,,2024,,,2024,,,GARAGE,,,Fee Insuran,,low,Amenties_Solis_r.pdf; Boxscore .xls; Rent Roll Detail-3.13.24.xls; Rentable Items_2024.02.12_Solis Millennium.xls; Solis Millennium  Tax Calculation .xls
Solis Reynolds Place,,,,,,,,,,,,,,,,,,,,,,none,Solis Reynolds Place Other income.xlsx; Solis Reynolds Place Rent Roll.xls
Solis Suwanaee Town Center,15 retail Matrix ,,,GA,,,,,,,,,,,,,,,,Fee Insuran,,none,Assessment_Notice_2020_R7211_048.pdf; Boxscore (1).pdf; Boxscore.pdf; Copy of Atlanta Garden_ Expense Comparables_ 6.8.20_v2 (003).pdf; Lease Tracker.xlsx
St Tropez,8000 Cleary Boulevard,Plantation,FL,FL,,,,,,,,,,,,,,,,,,low,ST TROPEZ 01 - Offering Memorandum.pdf; ST TROPEZ 02a - Rent Roll 05.06.2019.xlsx; ST TROPEZ 02b - Detailed Rent Roll 05.20.2019.xlsx; ST TROPEZ 02b - Rent Roll 05.20.2019.xlsx; ST TROPEZ 03a - March 2019 T12 Financials.xlsx
Steele Creek rivergate,12509 Crown Park Ct,Charlotte,NC,,,,,,,,,Mixed,,,,,Mixed,,,Fee Insuran,,low,10.6.21_Income_Statement_.xlsx; 9.9.21 Tenant Detail Report.xlsx; 9.9.21_Rent_Roll_408_Units_.xlsx; Agreement_.pdf; Capstone Offering Memorandum_Steele Creek Rivergate.pdf
Stone Ridge,,Atlanta,GA,,,"Atlanta-Sandy Springs-Roswell, GA",,,,,,,,,,,GARAGE,,,,,medium,Stone Ridge - Rent Roll (2019.09.24).xls; Stone Ridge - T12 (2019.09).xlsx
Stonebriar,5620 S Colony Blvd,The Colony,TX,,,,,,,,,Mixed,,,,,Garage,,,Fee Payro,,low,Annual CashFlow - Goldman.xls; Avana Stonebriar OM.PDF; Avana Stonebriar RR 02.23.18.xls; Avana Stonebriar_OM_Compressed.pdf; Avana Stonebriar_TTM January 2018.xls
Sugarloaf Grove,1850 Duluth Highway,Lawrenceville,GA,,,,,,,,,,,2021,,,,,,,,medium,11.  SugarloafGrove_Sitemap updated.pdf; 1a.  RentRollwithLeaseCharges02_01_2021 - techno.xls; 1a.  RentRollwithLeaseCharges02_01_2021.xlsx; 4.  Amenity_Listing_704.xlsx; 6.  SG - Rolling 12Month PL 2020-12.xlsx
Sugarloaf Trials,,,,,,,,,,,,,,,,,,,,,,none,
Sweetwater Vista,,,,,,,,,,,,,,,,,,,,,,none,OM Available Soon.pdf
Tapestry Town Center,,,,,,,,,,,,,,,,,Garage,,,,,none,Tapestry Town Center  Other income - final.xls; Tapestry Town Center  Other income.xls; Tapestry Town Center Payroll.xls
Terrabella,915 S Dixie Highway,West Palm Beach,FL,,,,,,,,,,,,,,,,,,,low,2020 Keltonwood Portiva Property Premium Breakdown.pdf; jiq7KtDg.png; Terrabella Other Income.xlsx; Terrabella RentableItemsDirectory05_06_2021.xlsx; Terrabella RentRollwithLeaseCharges05_06_2021.xlsx
Texas Deals,,,,,,,,,,,,,,,,,GARAGE,,,FEE,,none,Enclave TS_Rents.xls; LAKESIDE - P  L-converted.xls; LAKESIDE - P  L.pdf; Lakeside TS_Rents.xls; R.Oask TS_Rents.xls
The Ace,,,,,,,,,,,,,,2018,,,,,,,,low,ACEBoxScoreSummary11_14_2018.xlsx; ACERentRollwithLeaseCharges11_14_2018.xlsx; Copy of The Ace RR 3.4.19.xls; The Ace - Expense Comparables_10.4.18_.pdf
The Archer,,Atlanta,GA,,,"Atlanta-Sandy Springs-Roswell, GA",,,,,,,,,,,,,,,,medium,The Archer.xlsx
The Bohemian,,,,,,,,,,,,,,,,,,,,,,none,
The Bradford,21035 Bradford Green Square,Cary,NC,,,,,,,,,,,,,,,,,,,low,Bradford_OM.pdf; Rent Roll_2022.03.07_Bradford.xls; T 12_2022.01_Bradford.xlsx
The Brazos,,,,,,,,,,,,,,,,,,,,,,none,DD_TheBrazos_1.zip
The Brooke,,,,,,,,,,,,,,,,,,,,,,none,
The Catherine,,,,,,,,,,,,,,,,,Garage,,,Fe,,none,Historical_20210923173951 - The Catherine .xls; The Catherine Lease analysis.xls; The Catherine Other Income.xlsx
The Cove at Covington,12301 Town Center Dr,Covington,GA,,,,,,,,0060,Concrete,,,,,Garage,,,Fee Capit,,medium,Cap rate and Yield on cost .xls; Historical_20240924155818.xls; The Cove at Covington Town Center - Executive Summary.pdf; The Cove Other income.xlsx
The Darby,,Atlanta,GA,,,"Atlanta-Sandy Springs-Roswell, GA",,,,,,,,282,,,Garage,,,,,medium,"Copy of Atlanta Garden_ Expense Comparables_ 6.8.20_v2.pdf; Darby Cherokee County, GA - Real Estate Search.pdf; Darby Rent Roll Analytics .xls; The Darby - City Tax Bill (2019).pdf; The Darby - Property Tax Bill (2019).pdf"
The Eddy,6025 River View Rd,,GA,,,,,,,,,,,2020,,,Garage,,,,,low,Rent Roll 07.04.20 - techno .xls; Rent Roll 07.04.20.xlsx; Rent Roll 7.11.2020.xls; The Eddy - 6025 River View Rd (2020).pdf; The Eddy - 6210 Nichols Dr (2020).pdf
The Edison,,,,,,,,,,,,,,,,,,,,,,none,
The Elliott,,,,,,,,,,,,,,,,,,,,,,none,AgedReceivables05_20_2021.pdf; RentableItemsDirectory05_21_2021.xlsx; RentRollwithLeaseCharges05_06_2021.xlsx; The Elliott Fees.xlsx; The Elliott Investment Memo_NorthMarq.pdf
The Fields Lincoln Green,2205 New Garden Rd,Greensboro,NC,,,,,,,,4,Mixed,garden,260,,,Mixed,,,Fee Gro,,medium,20190909101615_APINVExport - The fields lincoln Green .xls; Comps .xls; Copy of Lincoln Green 1-YR PCA Budget (004) - Capital .xls; Copy of Rent Roll 10.17.19.xls; Costar Report 1.pdf
The Helix,962 Bentstation Lane,Lake Mary,FL,,,,,,,,,,Garden,,,,Garage,,,,,medium,2020 Real Estate Tax Bill - 962 Bentstation Lane.pdf; 2021 Real Estate Tax Bill - 962 Bentstation Lane.pdf; Budget_Comparison_The Helix January .xlsx; RentRoll as of 12.31.2021.xlsx; RentRollwithLeaseCharges02_01_2022.xlsx
The Hillson,,,,,,,,,,,,,,2021,,,Garage,,,Sche,,low,Copy of Bulk Internet Financial Model - Hillson.xlsx; Copy of Hollis_MF Davidson County RET Forecast.xls; Copy of Other Income_The Hillson - Bell.xlsx; Hillson...BoxScoreSummary02_13_2021.xlsx; HillsonRentRollwithLeaseCharges02_13_2021 - techno.xls
The Hollows,,,,,,,,,,,8435,Concrete,,,,,,,,Software,,low,Historical_20190916101615 - The Hollows .xls
The Jaxon,,,,,,,,,,,,,,2019,,,,,,,,low,Copy of Jaxon RR 2019_05_10.xls; Jaxon - May Prelim Income.xlsx; Jaxon Budget 2019.xlsx; Jaxon T12 2019_04 (Preliminary).xlsx; Rent analytics + Tax Calculations .xls
The Julington,,Jacksonville,FL,,,,,,,,,,,2023,,,GARAGE,,,,,medium,Copy of RISE Julington Rent Roll_January 18.2023.xls; Julington Other Income Real.xlsx; RISE Julington Budget Forecast.pdf; RISE Julington Rent Roll_05.2023.xlsx; The Julington - Made up rent roll .xls
The Kensley,6371 Collins Road,Jacksonville,FL,,,,,,,,,,,,,,surface,,,,,low,The Kensley OM Digital.pdf; The Kensley OM For Print.pdf
The Linden,,,,,,,,,,,,,,,,,,,,,,none,
The Mason Sugarloaf,12 Month 2022-10,Sugar Hill,GA,CA,,"Atlanta-Sandy Springs-Roswell, GA",,2021,,,,,,,,,covered,,,,,medium,BoxScoreSummary12_12_2022.pdf; MS - Rolling 12 Month 2022-10.xlsx; MS - Rolling 12 Month 2023-03.xlsx; R7081 153.pdf - Tax Bill.pdf; RentRoll04_24_2023.xlsx
The Maven,4255 Suwanee Dam Road,Suwanee,GA,,,,,,,,,,,276,,,,,,,,medium,20210419134313_IncomeAPINVExport.xls; Payroll Budget - Highlands at Sweetwater Creek .xlsm; Payroll Budget - The Mayven .xlsm; Payroll schedule - The Maven.xls; The Maven - 2019 Property Tax Bill.pdf
The Mc Coy Apartments,,,,,,,,,,,,,,,,,,,,,,none,Expense Comp_McCoy.pdf; McCoy BoxScoreSummary09_28_2021.pdf; McCoy BoxScoreSummary12_22_2021.pdf; McCoy ConcessionBurnOff09_28_2021.xlsx; McCoy Development.jpg
The Mid,,,,,,,,,,,,,,,,,,,,,,none,
The Mid - Lake worth,2022 Renewals MID,,,,,,,,,,,,,,,,,,,,,none,07.2022 - Rent Roll Detail Modified w Retail- Excel.xls.xls; 07.2022 - The MID TS.xls; 07.2022 - The Mid TS2.xls; 08.2022 - Rent Roll Detail Combined - TS.xls; 08.2022 - Rent Roll Detail Combined.xls
The Milan,500 Jordan Stuart Circle,Apopka,FL,,,,,,,,,,Garden,,,,,,,LLC Orlan,,medium,The Milan Apartments (Orlando MSA) OM - 2019 (FINAL).pdf; The Milan Rent Roll_12-10-19 (Master 240 units) - techno.xls; The Milan Rent Roll_12-10-19 (Master 240 units).xlsx; The Milan Rents - 12-9-19.pdf
The Mile,,,,,,,,,,,,,,,,,,,,,,none,
The Mosby,,,,,,,,,,,,,,,,,GARAGE,,,,,none,Copy of Mosby University City - Rent Roll 2021.06.11 (004) techno.xls; Mosby Other income.xlsx; Mosby University City - Activity Trend - 210510.pdf; Mosby University City - Delinquent Report (2021.04.16).pdf; Mosby University City - Rent Roll (2021.04.16).xls
The Newton,12 Month Budget 1.31.20,Charlotte,NC,,,,,,,,,,,2020,,,,,,,,medium,389 2020 12 Month Budget 1.31.20.xlsx; 389 Rent Roll 1.31.20 techno v2.xls; 389 Rent Roll 1.31.20.xlsx; 389 Rentable Items 1.31.220.xlsx; AveragesReport_The_Newton_1-29-2020.pdf
The Park at Kensington,6218 Watermark Drive,Riverview,FL,FL,,,,,,,,,,264,,,,,,Fee Advertisi,,medium,2018_1Q_Tampa_Market Performance Summary.pdf; 5yr Projections .xls; Park at Kensington Axio.pdf; Park at Kensington Buyer Questionnaire.doc; The Park at Kensington Offering Memorandum (singles).pdf
The Parker,,,,,,,,,,,,,,,,,,,,,,none,
The Parkstone Gallatin,270 Douglas Bend Rd,Gallatin,TN,,,,,,,,,,,,,,,,,,,low,2021 Tax Bill - City of Gallatin.pdf; 2021 Tax Bill - Sumner County.pdf; Parkstone - Fees.pdf; Parkstone - RentRollwithLeaseCharges 02_08_2022.xlsx; Parkstone - RentRollwithLeaseCharges03_08_2022.xlsx
The Piedmont,,,,,,,,,,,,,,,,,GARAGE,,,,,none,Aerial Photo Pool_The Piedmont.JPG; Aerial Photo_The Piedmont.PNG; Cable Contract_2019_The Piedmont.pdf; Certificate of Liability Insurance_2021_The Piedmont.pdf; Certificates of Completion_2020_The Piedmont.pdf
The Pioneer,,,,,,,,,,,,,,,,,,,,,,none,Straight Rent Roll Import V2.xls
The Place at 1825,1825 Solar Feasibility-Proposal,Pflugerville,TX,,,"Austin-Round Rock, TX",,,,,,,,,,,Garage,,,INCO,,medium,24-476256-The Place at 1825 Solar Feasibility-Proposal.pdf; 603-0281982-001 - Insurance Document.pdf; Copy of The Place at 1825 RR with LCs  (12-19-24).xlsx; Copy of The Place at 1825 T12 (Nov 2024).xlsx; Historical_20241119123451.xls
The Quincy,21 techno,,,,,,,,,,,,,2021,,,Garage,,,Fee Insuran,,low,20210716162140_IncomeAPINVExport.xls; Copy of Atlanta Garden_ Expense Comparables_ 6.8.20_v2.pdf; Quincy Other income .xls; Quincy Other Income v2.xls; Quincy Projected rents .xls
The Reid,2190 Northlake Pkwy,Tucker,GA,,,,,,,,,,,,,,,,,,,low,The Reid OM.pdf
The Resever at Glenn Laurel,20 Pine Hall Dr,Clayton,NC,,,,,,,,,,,,,,,,,,,low,20 Pine Hall Dr - The Pines at Glen Laurel _ CoStar.pdf; 20 Pine Hall Dr - The Reserve at Glen Laurel _ CoStar.pdf; Combined rent roll .xlsx; Combined v2.xlsx; Pines at Glen Laurel_T12_Apr 2022.pdf
The Residences at 3000 Bardin,"3000 Bardin - 3000 Bardin Road, Grand Prairie, TX",Grand Prairie,TX,,,"Dallas-Fort Worth-Arlington, TX",,2022,,,,,,,,,,,,,,medium,02. Budget Comparison with Comments (1).pdf; 02. Budget Comparison with Comments 202112.xlsx; 02. Budget Comparison with Comments.pdf; 14. Rent Roll with Lease Charges (1).pdf; ConcessionBurnOff01_24_2022.xlsx
The Rey on Reynolds,3360 Steve Reynolds Blvd,Duluth,GA,,,,,,,,,Concrete,,,,,GARAGE,,,Servic,,low,Copy of The Rey on Reynolds  - Demographics (2021.02.08).xls; The Rey on Reynolds - Executive Summary.pdf; The Rey on Reynolds - Property Fees (Market Survey).pdf; The Rey on Reynolds - Rent Roll (2021.03.02).xls; TROR - Rent Roll (2021.02.07).xlsx
The Sagefield,,,,,,,,,,,,,,,,,,,,,,none,The Sagefield Other Income.xlsx; The Sagefield Rent Roll.xls; The Sagefield_20211028064141.zip
The Statesman,,,,,,,,,,,,,,,,,,,,,,none,
The Station Fleming Island,,,,,,,,,,,,,,,,,,,,,,none,AmenityRentAnalysis06_02_2022.pdf; BoxScoreSummary06_21_2022.xlsx; Other income The Station Fleming.xlsx; RentRoll06_21_2022.xlsx; The Station Fee Sheet.pdf
The View of Forth Worth,,,,,,,,,,,,,,,,,,,,,,none,
The Village at Westland Cove,9635 Westland Cove Way,Knoxville,TN,,,,,,,,,,,2020,,,garage,,,Tra,,medium,Complete OM - Village at Westland Cove.pdf; Copy of VWC Rent Roll 02 04 2020 techno.xls; CRS Data - Property Report for Parcel_Tax ID 144  02005.pdf; RentRollwithLeaseCharges12_12_2019 - Westland techno.xls; RentRollwithLeaseCharges12_12_2019 - Westland.xlsx
The Villlage,8810 Autumn Winds Drive,Raleigh,NC,,,,,,,,,,,,,,GARAGE,,,,,low,The Village_OM.pdf; Village RR 6.15.18.xls; Village RR 7.12.18.xls; Village RR 8_01_18.xls; Village_Tax_Bill___2017.pdf
The Vineyard,,,,,,,,,,,,,,,,,,,,,,none,The Vineyard - Sale Comps.pdf; The Vineyard OM.pdf; The vinyard - Costar.pdf; The vinyard - Costar.pdf 2.pdf
The apartments at Areboretum,12 Financials,,,,,,,,,,,,,,,,,,,,,none,
The palms,11000 Cameron Court,Davie,FL,,,,,,,,,,,2020,,,,,,FEE INCO,,medium,Copy of Palms - Renovation Level by Unit 6.1.2020.xlsx; Historical_20200626143401 - The Palms Davie .xls; Palms - RentableItemsDirectory06_11_2020.xlsx; Palms - RentRoll06_09_2020 - techno 2.xls; Palms - RentRoll06_09_2020.xlsx
The pointe @ Preston Ridge,,,,,,,,,,,,,,,,,,,,,,none,
The reserve at Cary Park,2000 Cary Reserve Drive,Cary,NC,,,,,,,,,,,,,,Garage,,,Expen,,low,CapEx_2020.08_Reserve at Cary Park.pdf; Cary Property Owners Assoc..pdf; Enhanced Unit Tracker_2020.08.18_Reserve at Cary Park.xlsx; Historical_20200831113146 - Reserve at Cary Park .xls; Listing Notes_2020.08_Reserve at Cary Park.pdf
The retreat at Fuquay,,,,,,,,,,,,,,,,,,,,,,none,Retreat at Fuquay Rent roll.xls
Thornhill,,,,,,,,,,,,,,,,,,,,,,none,
Town Southern,11020 Town Circle,Royal Palm Beach,FL,,,,,,,,,,,,,,GARAGE,,,Compa,,low,Town Southern - 2020.08 12-Month Operating Stmt.xlsm; Town Southern - 2020.09.17 Rent Roll.xls; Town Southern - 2020.09.17 Rentable Items.xls; Town Southern_OM_LR.pdf
Trailside Verde,,,,,,,,,,,,,,,,,,,,,,none,Trailside Verdae.xlsx
Trailside at Reedy Point,200 South Academy Street,Greenville,SC,,,,,,,,,,,2019,,,,,,,,medium,Trailside at Reedy Point - 2018 Tax Bill.pdf; Trailside at Reedy Point - Box Score 7.9.19 - 7.16.19.xlsx; Trailside at Reedy Point - Certificates of Occupancy.pdf; Trailside at Reedy Point - Concession Burn Off Report (2019.25.06).xlsx; Trailside at Reedy Point - Lease Charge Burnoff 2017.xlsx
Trilogy Cameron Village,,Chapel Hill,,,,,,,,,,,,,,,,,,,,low,Concessions 1.20.21.pdf; Concessions TCV.pdf; Demographics TCH.pdf; Demographics TCV.pdf; Payroll schedule - Cameron Village.xls
Trilogy Chapel Hill,,,,,,,,,,,,,,,,,,,,,,none,Copy of Twelve Month Trailing Income Statement (7).xlsx; Rent+Roll+Detail+-+Excel - 2021-01-18T090339.621.xls
Tuscan Heights,,,,,,,,,,,,,,,,,GARAGE,,,,,none,Tuscan Rent Roll for January 2019.xls
Uptown Boca,20940 Uptown Ave,Boca Raton,FL,,,,,,,,,,,,,,,,,,,low,2020-101649334.pdf; Confidentiality Agreement - Uptown Boca - Final.pdf; FloorPlanSummary-Uptown Boca-20210609-380235.xlsx; G95 - 2020 WHP Rents - 07.07.20.pdf; Master Declaration of Restrictive Covenants WFH.pdf
Uptown at Liberty Park,19 Uptown thru 7.21.19,,,,,,,,,,,,,,,,,,,,,none,Lee County Tax Collector - Uptwown.pdf; Rent+Roll+Detail+-+Excel 07.01.19.xls
V & 3 Apartments,,,,,,,,,,,,,,,,,,,,,,none,
V & Three,,,,,,,,,,,,,,,,,,,,,,none,Payroll Budget - V & Three .xlsm; V & Three.xlsx
Vail Village,,,,,,,,,,,,,,,,,,,,,,none,DD_VailVillageDallas_2018-0309_1539-d.zip
Vantage at Wildwood,,,,,,,,,,,,,,,,,,,,,,none,
Vecina,12 through Feb 21,,,,,,,,,,,,,,,,,,,,,none,BoxScoreSummary03_29_2021 (1).pdf; Vecina  Other Income.xlsx; Vecina ProjectedOccupancy03_29_2021.xlsx; Vecina RentableItemsDirectory03_29_2021 (1).xlsx; Vecina T12 through Feb 21.xlsx
Vestavia Reserve,2300 Reserve Trail,Vestavia Hills,AL,,,,,,,,,,,2018,,,,,,Fe,,medium,Income Profile - Vestavia.xlsx; RentRollwithLeaseCharges08_08_2018 techno.xls; RentRollwithLeaseCharges08_08_2018.xlsx; Vestavia Reserve - OM (2018.07.31) [Email].pdf; Vestavia Reserve - T12 Income Statement (PRELIM) (2018.07.31) - techno.xls
View at Woodstock,900 View Drive,Woodstock,GA,,,,,,,,,,,320,,,,,,,,medium,2019 Tax Bill for 15N12 017 A.pdf; 20200826101704_IncomeAPINVExport - Rent Roll analysis .xls; Property Detail - Matrix.pdf; The View at Woodstock - BOV Underwriting (2020.09.01).pdf; The View at Woodstock .xls
Village at Lake Front,201 E. Eldorado Pkwy.,Little Elm,TX,,,,,,,,,,,,,,,,,,,low,Village at Lakefront - August T-12.xlsx; Village at Lakefront - Lease Expiration Summary.pdf; Village at Lakefront - Note.PDF; Village at Lakefront - Offering Memorandum.pdf; Village at Lakefront - Rent Roll 9.18.19.pdf
Village on the Green,,,,,,,,,,,,,,,,,,,,FE,,none,Copy of Village on the Green - techno.xls
Vista Verde,1658 S Hiawassee Rd,Orlando,FL,,,,,,,,,Mixed,,0002,,,Garage,,,Fe,,medium,Central FL Value Add Portfolio OM - 2018 - FINAL.PDF; Comps Report.pdf; Profit & Loss 12 Month Recap - Vista Verde 01-18 - Modified.xls; Profit & Loss 12 Month Recap - Vista Verde 01-18 - removed.xls; Proforma .xls
Vista Verde - Miami,10491 SW 14th Terrace,Miami,FL,,,,,,,,,,,2018,,,,,,Fe,,medium,Copy of Vista Verde Westchester - T12 March 2017 thru Feb 2018 modified.xls; Forecast - Vista Miami.xls; University Fountains Rent Roll as of 03-31-18 techno.xls; University Fountains Rent Roll as of 03-31-18.xlsx; University Fountains Rent Roll as of 04-18-18 Techno .xls
Waterford Place - Morrisville,1000 Park Place,Morrisville,NC,,,,,,,,,,Garden,2019,,,,,,Spa,,medium,Historical_20190612113141 - The Waterford .xls; Rent Roll_2019.05.01_The Waterford.xls; Rent Roll_2019.05.01_The Waterford.xlsx; T12_2019.03_The Waterford.xls; T12_2019.03_The Waterford.xlsx
Waterlynn,,,,,,,,,,,,,,2019,,,garage,,,Fe,,low,20191111112412_APINVExport - Waterlynn ridge .xls; 20191113110048_APINVExport - whitehall.xls; Historical_20191104120658 - Waterlynn Ridge .xls; RentRollwithLeaseCharges10_23_2019 (1) - techno.xls; RentRollwithLeaseCharges10_23_2019 (1).xlsx
West End,,,,,,,,,,,,,,,,,,,,,,none,RE Tax Bill_2018_West End Station.pdf; Rent Roll_2019.07.25_West End Station.xlsx; T12_2019.06_West End Station.xlsx
Whitehall Estates,,,,,,,,,,,,,,,,,Garage,,,Fe,,none,Historical_20191024160041 - whitehall.xls; Whitehall Estates - Rent Roll (2019.09.27).xls; Whitehall Estates - T12 (2019.09) - Techno.xls; Whitehall Estates - T12 (2019.09).xlsx
Windsor Landing,7124 Southlake Parkway,Morrow,GA,CS,,,,,,,,,Garden,,,,,,,Fe,,medium,!Windsor Landing 2018 Tax Bill.pdf; !Windsor Landing 2019 Tax Assessment.pdf; !Windsor Landing Rent Roll_8_26_2019 - Techno.xls; !Windsor Landing Rent Roll_8_26_2019.xlsx; !Windsor Landing T-12 Ending July 2019 - techno.xls
Windsor Landings - NC,23 Rent Roll - modified ,,,NC,,,,,,,,,,,,,,,,Fee Adm,,none,Forecast.xls; Oct 23 Rent Roll - modified .xls; Oct 23 Rent Roll.pdf; Oct 23 Rent Roll.xls; WL Oct'17 Preliminary Income.pdf
legacy Village,121 Village Green Lane,Mooresville,NC,,,,,,,,,,,2019,,,Garage,,,Fe,,medium,Historical_20190925110607 - Legacy village .xls; Legacy Village - Concession Burn Off Report (2019.08).pdf; Legacy Village - Offering Memorandum.pdf; Legacy Village - Rent Roll (2019.09.09) - techno.xls; Legacy Village - Rent Roll (2019.09.09).xlsx